name,ticker,market,kind,sector,group,dps23,dps24,dps25,pbr,yield_pct,per,ocf23,ocf24,ocf25,capex25,net_cash,mcap,buyback,flags,note
현대그린푸드,453340,KOSPI,operating,유통·소비재,현대백화점,325,335,676,0.85,3.6,5.89,1219,1319,824,310,1421,6166,2,,반기배당 도입·자사주 2.35% 소각 예정(2026-11)
한섬,020000,KOSPI,operating,유통·소비재,현대백화점,750,750,750,0.34,3.5,8.31,543,1020,1162,586,444,4661,2,,3년간 300억 매입 후 전량 소각·최소 DPS 800원으로 상향(2026-09)
LX홀딩스,383800,KOSPI,holdco,지주(복합),LX,270,290,290,0.31,3.6,5.28,885,352,762,525,-2009,6110,0,,별도 순이익 35% 이상 배당 정책
HL홀딩스,060980,KOSPI,holdco,자동차·부품,HL,2000,2000,2000,0.32,5.2,6.14,323,634,452,159,-8148,3368,0,high_debt,최소 DPS 2000원 유지·2026년 첫 중간배당
영원무역홀딩스,009970,KOSPI,holdco,유통·소비재,영원,3970,5350,6576,0.44,3.8,5.14,7018,7810,5407,2513,15000,22138,2,activist,2026년 자사주 9.5% 소각·순현금 1.5조
한국앤컴퍼니,000240,KOSPI,holdco,자동차·부품,한국앤컴퍼니,700,1000,1100,0.51,4.3,6.13,418,1333,2357,268,682,24256,0,governance;earnings_drop,배당성향 25% 이상 정책·2Q26 자체사업 이익 급감
넥센,005720,KOSPI,holdco,자동차·부품,넥센,125,135,175,0.13,2.8,2.84,3075,2930,3604,2341,-12561,3305,0,high_debt,넥센타이어 지주·별도 환원정책 없음
세아제강지주,003030,KOSPI,holdco,철강·시멘트·제지,세아,2000,1800,1800,0.17,1.7,-3.78,5557,2807,174,6229,-19126,4432,0,div_cut;loss,FY25 OCF 급감·배당 삭감
풍산홀딩스,005810,KOSPI,holdco,산업재·기계·건설,풍산,1400,1400,1600,0.44,4.5,5.19,451,302,144,64,-479,5392,0,,풍산(동·방산) 지주
삼양홀딩스,000070,KOSPI,holdco,화학·소재,삼양,3500,3500,3500,0.17,6.1,-2.25,3050,2589,2538,1473,-5572,4409,2,split;loss,2025-11 삼양바이오팜 인적분할(전후 수치 비교 주의)·자사주 소각
동원산업,006040,KOSPI,holdco,유통·소비재,동원,1000,1100,,0.41,3.4,3.70,6615,4213,4660,3676,-21050,15251,0,dilution;high_debt,동원F&B 주식교환 완전자회사화(희석)·반기배당·PBR 1배 목표
오리온홀딩스,001800,KOSPI,holdco,유통·소비재,오리온,750,800,1100,0.28,4.8,9.77,4518,6763,5141,1588,12900,13716,2,,자사주 3.97% 소각·배당성향 55%·분기배당
크라운해태홀딩스,005740,KOSPI,holdco,유통·소비재,크라운해태,100,130,130,0.13,2.5,4.45,799,1112,725,372,-2158,775,0,high_debt,
한일홀딩스,003300,KOSPI,holdco,철강·시멘트·제지,한일,800,930,1000,0.23,5.8,9.64,2716,2001,2064,1700,-5685,5263,0,capital_funded,FY25 감액배당(비과세)·배당성향 약 98%
서연,007860,KOSPI,holdco,자동차·부품,서연,150,200,250,0.11,3.3,1.94,2614,3230,2384,3220,-5709,1759,0,high_debt,자동차 내장재 지주
대상홀딩스,084690,KOSPI,holdco,유통·소비재,대상,270,270,300,0.22,3.8,-3.58,3224,1783,2429,1637,-12641,2846,0,loss;high_debt,
현대지에프홀딩스,005440,KOSPI,holdco,유통·소비재,현대백화점,200,210,300,0.26,2.4,4.65,449,3602,4046,1476,3864,23291,2,,500억 자사주 매입·소각(2026)
현대차2우B,005387,KOSPI,pref,자동차·부품,현대차,11500,12100,10100,0.29,5.7,12.95,,,,,,810500,2,div_cut;fin_segment,FY25 DPS 감소(최소배당 1만원)·4천억 매입 후 소각
LG전자우,066575,KOSPI,pref,전자·IT,LG,850,1050,1400,0.42,1.7,38.80,59136,38427,42805,26153,-53561,295800,2,,2년 2천억 자사주·소각
신세계,004170,KOSPI,operating,유통·소비재,신세계,4000,4500,5200,0.47,1.6,20.78,7914,7758,9906,4918,-39387,35100,2,,3년간 매년 2% 이상 소각·DPS 상향
롯데쇼핑,023530,KOSPI,operating,유통·소비재,롯데,3800,3800,4000,0.17,4.1,14.45,16398,15879,17238,6624,-119730,29100,0,high_debt,유통업계 첫 밸류업 공시·중간배당
태광산업,003240,KOSPI,operating,화학·소재,태광,1750,1750,1750,0.26,0.2,7.84,1069,2287,-1333,1518,13900,6927,0,governance,자사주 24.4%를 소각 대신 M&A 재원으로 사용
대한유화,006650,KOSPI,operating,화학·소재,대한유화,1000,1000,1300,0.27,1.4,8.06,855,1331,2028,771,-759,5941,0,,
TKG휴켐스,069260,KOSPI,operating,화학·소재,태광,1000,1000,1000,0.72,6.3,9.33,2216,793,1024,105,2315,5541,0,single_product,DPS 3년 동결·단일제품 리스크
SK가스,018670,KOSPI,operating,통신·유틸·에너지,SK,8000,8000,9000,0.70,3.8,4.87,6172,3733,6726,2967,-33887,19500,0,high_debt,밸류업지수 2년 연속 편입
DB손해보험,005830,KOSPI,operating,금융·보험,DB,5300,6800,7600,1.18,4.1,7.38,,,,,,116800,1,insurer,2030 환원율 50%·DPS 매년 10% 증액 목표
삼성화재,000810,KOSPI,operating,금융·보험,삼성,16000,19000,19500,1.36,3.1,13.78,,,,,,259800,2,insurer,자사주 15.9%→5% 소각·환원율 50%
삼영전자,005680,KOSPI,operating,전자·IT,삼영,300,300,300,0.46,2.4,62.38,309,398,301,88,3117,2509,0,,순현금이 시가총액보다 큼·이익 부진
퍼시스,016800,KOSPI,operating,유통·소비재,퍼시스,1200,1200,1000,0.46,4.1,3.56,500,205,282,364,1054,2148,0,div_cut,
한국쉘석유,002960,KOSPI,operating,통신·유틸·에너지,쉘,25000,27000,36000,5.72,6.6,12.94,433,336,513,122,303,6630,0,,PBR 5.7배
KCC글라스,344820,KOSPI,operating,화학·소재,KCC,2200,,1600,0.27,6.6,,1731,2036,-180,662,-3301,4097,0,div_cut;capital_funded;loss,감액배당 재원·FY 구분 미확인(대략치)
노루홀딩스,000320,KOSPI,holdco,화학·소재,노루,500,550,600,0.26,3.9,5.25,975,713,801,213,902,1755,0,,
기아,000270,KOSPI,operating,자동차·부품,현대차,5600,6500,6800,0.73,6.0,6.38,112965,125644,90541,37645,209746,450800,2,,순현금 약 21조·TSR 35%·2025년 6,681억 소각
KT&G,033780,KOSPI,operating,유통·소비재,KT&G,5200,5400,6000,2.27,3.7,17.57,12660,8223,5829,6395,-293,212000,2,,
