code,name
005930,삼성전자
000660,SK하이닉스
005935,삼성전자우
402340,SK스퀘어
009150,삼성전기
373220,LG에너지솔루션
005380,현대차
105560,KB금융
207940,삼성바이오로직스
032830,삼성생명
028260,삼성물산
034020,두산에너빌리티
055550,신한지주
012450,한화에어로스페이스
006400,삼성SDI
000270,기아
068270,셀트리온
034730,SK
329180,HD현대중공업
086790,하나금융지주
066570,LG전자
012330,현대모비스
010120,LS ELECTRIC
035420,NAVER
096770,SK이노베이션
000810,삼성화재
042700,한미반도체
005490,POSCO홀딩스
316140,우리금융지주
298040,효성중공업
042660,한화오션
267260,HD현대일렉트릭
000150,두산
010130,고려아연
138040,메리츠금융지주
009540,HD한국조선해양
051910,LG화학
011200,HMM
010950,S-Oil
015760,한국전력
033780,KT&G
017670,SK텔레콤
003670,포스코퓨처엠
010140,삼성중공업
003550,LG
006800,미래에셋증권
024110,기업은행
018260,삼성에스디에스
272210,한화시스템
035720,카카오
267250,HD현대
278470,에이피알
086280,현대글로비스
079550,LIG디펜스앤에어로스페이스
011070,LG이노텍
030200,KT
005830,DB손해보험
047810,한국항공우주
000720,현대건설
064350,현대로템
003490,대한항공
047050,포스코인터내셔널
307950,현대오토에버
443060,HD현대마린솔루션
078930,GS
071050,한국금융지주
028050,삼성E&A
323410,카카오뱅크
005940,NH투자증권
007660,이수페타시스
000500,가온전선
003230,삼양식품
180640,한진칼
259960,크래프톤
0126Z0,삼성에피스홀딩스
006260,LS
009830,한화솔루션
090430,아모레퍼시픽
353200,대덕전자
016360,삼성증권
161390,한국타이어앤테크놀로지
021240,코웨이
352820,하이브
047040,대우건설
062040,산일전기
064400,LG씨엔에스
039490,키움증권
128940,한미약품
032640,LG유플러스
000990,DB하이텍
000880,한화
005387,현대차2우B
326030,SK바이오팜
001440,대한전선
000100,유한양행
011790,SKC
175330,JB금융지주
377300,카카오페이
241560,두산밥캣
267270,HD건설기계
036570,NC
029780,삼성카드
066970,엘앤에프
138930,BNK금융지주
088980,맥쿼리인프라
052690,한전기술
088350,한화생명
454910,두산로보틱스
010060,OCI홀딩스
018880,한온시스템
271560,오리온
034220,LG디스플레이
001450,현대해상
051900,LG생활건강
002380,KCC
103590,일진전기
005385,현대차우
001040,CJ
004020,현대제철
008930,한미사이언스
192820,코스맥스
082740,한화엔진
036460,한국가스공사
028670,팬오션
161890,한국콜마
012750,에스원
022100,포스코DX
111770,영원무역
035250,강원랜드
031210,서울보증보험
020150,롯데에너지머티리얼즈
302440,SK바이오사이언스
011780,금호석유화학
004170,신세계
014680,한솔케미칼
336260,두산퓨얼셀
007340,DN오토모티브
251270,넷마블
383220,F&F
139130,iM금융지주
023530,롯데쇼핑
085620,미래에셋생명
097950,CJ제일제당
017800,현대엘리베이터
006360,GS건설
450080,에코프로머티
375500,DL이앤씨
026960,동서
003690,코리안리
011170,롯데케미칼
018670,SK가스
000240,한국앤컴퍼니
004800,효성
489790,한화비전
281820,케이씨텍
457190,이수스페셜티케미컬
004370,농심
005440,현대지에프홀딩스
112610,씨에스윈드
005850,에스엘
004990,롯데지주
009420,한올바이오파마
001720,신영증권
229640,LS에코에너지
009970,영원무역홀딩스
282330,BGF리테일
483650,달바글로벌
030000,제일기획
279570,케이뱅크
007810,코리아써키트
204320,HL만도
081660,미스토홀딩스
051600,한전KPS
002790,아모레퍼시픽홀딩스
139480,이마트
073240,금호타이어
089860,롯데렌탈
103140,풍산
069960,현대백화점
181710,NHN
007070,GS리테일
462870,시프트업
000155,두산우
439260,대한조선
020560,아시아나항공
001120,LX인터내셔널
001430,세아베스틸지주
120110,코오롱인더
322000,HD현대에너지솔루션
001820,삼화콘덴서
093370,후성
000120,CJ대한통운
395400,SK리츠
023590,다우기술
475150,SK이터닉스
005070,코스모신소재
006040,동원산업
008770,호텔신라
361610,SK아이이테크놀로지
009155,삼성전기우
006280,녹십자
071970,HD현대마린엔진
294870,IPARK현대산업개발
012630,HDC
011210,현대위아
001800,오리온홀딩스
097230,HJ중공업
069620,대웅제약
007310,오뚜기
00680K,미래에셋증권2우B
066575,LG전자우
001740,SK네트웍스
415640,KB발해인프라
006120,SK디스커버리
192080,더블유게임즈
298020,효성티앤씨
330590,롯데리츠
300720,한일시멘트
003160,디아이
000815,삼성화재우
003540,대신증권
006110,삼아알미늄
280360,롯데웰푸드
195870,해성디에스
030610,교보증권
004000,롯데정밀화학
000080,하이트진로
003240,태광산업
000210,DL
017960,한국카본
006340,대원전선
451800,한화리츠
192400,쿠쿠홀딩스
030190,NICE평가정보
003570,SNT다이내믹스
051915,LG화학우
009240,한샘
003530,한화투자증권
034230,파라다이스
185750,종근당
003090,대웅
071320,지역난방공사
009450,경동나비엔
285130,SK케미칼
032350,롯데관광개발
005300,롯데칠성
004490,세방전지
000370,한화손해보험
079160,CJ CGV
077970,STX엔진
248070,솔루엠
003470,유안타증권
071055,한국금융지주우
137310,에스디바이오센서
005180,빙그레
005690,파미셀
365550,ESR켄달스퀘어리츠
100090,SK오션플랜트
000670,영풍
036530,SNT홀딩스
499790,GS피앤엘
003850,보령
090460,비에이치
298050,HS효성첨단소재
214320,이노션
000400,롯데손해보험
002960,한국쉘석유
064960,SNT모티브
094800,맵스리얼티
093050,LF
293940,신한알파리츠
005090,SGC에너지
005880,대한해운
069260,TKG휴켐스
014820,동원시스템즈
456040,OCI
001570,금양
100840,SNT에너지
268280,미원에스씨
000640,동아쏘시오홀딩스
002840,미원상사
017940,E1
004710,한솔테크닉스
317450,명인제약
453340,현대그린푸드
017900,광전자
383800,LX홀딩스
108320,LX세미콘
001060,JW중외제약
001680,대상
336370,솔루스첨단소재
178920,PI첨단소재
192650,드림텍
006650,대한유화
033240,자화전자
002350,넥센타이어
001530,DI동일
079900,전진건설로봇
016380,KG스틸
025540,한국단자
284740,쿠쿠홈시스
161000,애경케미칼
00104K,CJ4우(전환)
00088K,한화3우B
114090,GKL
007700,F&F홀딩스
075580,세진중공업
003620,KG모빌리티
003300,한일홀딩스
009410,태영건설
019170,신풍제약
0220W0,한화머시너리앤서비스홀딩스
008060,대덕
001510,SK증권
484870,엠앤씨솔루션
001270,부국증권
058650,세아홀딩스
029460,케이씨
005810,풍산홀딩스
452260,한화갤러리아
003545,대신증권우
377740,바이오노트
145990,삼양사
001500,현대차증권
460860,동국제강
448730,삼성FN리츠
004690,삼천리
039130,하나투어
020000,한섬
005250,녹십자홀딩스
012030,DB
005420,코스모화학
003280,흥아해운
249420,일동제약
009900,명신산업
002240,고려제강
217590,티엠씨
000070,삼양홀딩스
004700,조광피혁
010780,아이에스동서
002030,아세아
034310,NICE
003030,세아제강지주
403550,쏘카
271940,일진하이솔루스
016610,DB증권
090435,아모레퍼시픽우
014830,유니드
002990,금호건설
072710,농심홀딩스
306200,세아제강
005945,NH투자증권우
003000,부광약품
011930,신성이엔지
002810,삼영무역
357120,코람코라이프인프라리츠
005389,현대차3우B
031430,신세계인터내셔날
008730,율촌화학
001200,유진투자증권
317400,자이에스앤디
130660,한전산업
015360,INVENI
092230,KPX홀딩스
344820,KCC글라스
126560,현대퓨처넷
029530,신도리코
003350,한국화장품제조
002710,TCC스틸
027410,BGF
016590,신대양제지
006405,삼성SDI우
089590,제주항공
001940,KISCO홀딩스
950210,프레스티지바이오파마
183190,아세아시멘트
006220,제주은행
010955,S-Oil우
0120G0,삼양바이오팜
105630,한세실업
007690,국도화학
005610,삼립
194370,제이에스코퍼레이션
015860,일진홀딩스
092790,넥스틸
145720,덴티움
104700,한국철강
009290,광동제약
170900,동아에스티
060980,HL홀딩스
017810,풀무원
005720,넥센
097520,엠씨넥스
000157,두산2우B
024720,콜마홀딩스
011760,현대코퍼레이션
000650,천일고속
026890,스틱인베스트먼트
001230,동국홀딩스
009160,SIMPAC
02826K,삼성물산우B
096760,JW홀딩스
381970,KG모빌리티플랫폼
126720,수산인더스트리
005430,한국공항
272450,진에어
084010,대한제강
002310,아세아제지
200880,서연이화
005950,이수화학
123890,한국자산신탁
003120,일성아이에스
025860,남해화학
018250,애경산업
002020,코오롱
001750,한양증권
078520,에이블씨엔씨
108670,LX하우시스
033270,유나이티드제약
084690,대상홀딩스
244920,에이플러스에셋
034830,한국토지신탁
010820,퍼스텍
016800,퍼시스
044450,KSS해운
004430,송원산업
000430,대원강업
001390,KG케미칼
122900,아이마켓코리아
017390,서울가스
091810,트리니티항공
005500,삼진제약
002320,한진
286940,롯데이노베이트
002900,TYM
001250,GS글로벌
058430,포스코스틸리온
003200,일신방직
004360,세방
010690,화신
037710,광주신세계
020120,키다리스튜디오
010580,에스엠벡셀
105840,우진
003960,사조대림
334890,이지스밸류플러스리츠
005680,삼영전자
004310,현대약품
226320,잇츠한불
298690,에어부산
025000,KPX케미칼
432320,KB스타리츠
030210,다올투자증권
001790,대한제당
007160,사조산업
136490,선진
003920,남양유업
404990,신한서부티엔디리츠
0030R0,대신밸류리츠
044820,코스맥스비티아이
001460,BYC
008490,서흥
348950,제이알글로벌리츠
000680,LS네트웍스
011500,한농화성
001340,PKC
003070,코오롱글로벌
134380,미원화학
001470,삼부토건
017860,DS단석
092200,디아이씨
000540,흥국화재
900140,엘브이엠씨홀딩스
000050,경방
028100,동아지질
025560,미래산업
005010,휴스틸
009680,모토닉
034120,SBS
053690,한미글로벌
003720,삼영
077500,유니퀘스트
000490,대동
003650,미창석유
033920,무학
475560,더본코리아
03473K,SK우
128820,대성산업
088260,이리츠코크렙
035510,신세계 I&C
003555,LG우
035150,백산
000320,노루홀딩스
000480,CR홀딩스
004980,성신양회
037270,YG PLUS
000390,SP삼화
298000,효성화학
117580,대성에너지
051905,LG생활건강우
339770,교촌에프앤비
039570,HDC랩스
100250,진양홀딩스
053210,스카이라이프
095570,AJ네트웍스
005960,동부건설
102460,이연제약
003520,영진약품
016580,환인제약
001130,대한제분
013580,계룡건설
001630,종근당홀딩스
102260,동성케미컬
033530,SJG세종
487570,HS효성
003547,대신증권2우B
003220,대원제약
000140,하이트진로홀딩스
000520,삼일제약
002420,우양피앤엘
015230,대창단조
004560,현대비앤지스틸
009470,삼화전기
003610,방림
002100,경농
007860,서연
377190,디앤디플랫폼리츠
000300,DH오토넥스
001780,알루코
234080,JW생명과학
000700,유수홀딩스
016450,한세예스24홀딩스
014710,사조씨푸드
213500,한솔제지
003460,유화증권
002150,도화엔지니어링
090350,노루페인트
000860,강남제비스코
241590,화승엔터프라이즈
003830,대한화섬
101530,해태제과식품
004380,삼익THK
002170,SYTS
460850,동국씨엠
400760,NH올원리츠
00279K,아모레퍼시픽홀딩스3우C
007570,일양약품
000020,동화약품
293480,하나제약
004090,한국석유
000970,한국주철관
001045,CJ우
272550,삼양패키징
013890,지누스
008970,KBI동양철관
271980,제일약품
011785,금호석유화학우
097955,CJ제일제당 우
462520,조선내화
016880,웅진
004150,한솔홀딩스
004970,신라교역
006805,미래에셋증권우
008350,남선알미늄
012610,경인양행
071840,롯데하이마트
015890,태경산업
001080,만호제강
025820,이구산업
003480,한진중공업홀딩스
094280,효성ITX
107590,미원홀딩스
004080,신흥
014280,금강공업
003580,HLB글로벌
018470,조일알미늄
011690,와이투솔루션
081000,일진다이아
214390,경보제약
001360,삼성제약
024090,디씨엠
089470,HDC현대EP
006060,화승인더
092220,KEC
078000,텔코웨어
002210,동성제약
004960,한신공영
009070,KCTC
005800,신영와코루
002620,제일파마홀딩스
009270,신원
267290,경동도시가스
013520,화승코퍼레이션
014530,극동유화
210540,디와이파워
001520,동양
015590,DKME
350520,이지스레지던스리츠
002390,한독
037560,LG헬로비전
214420,토니모리
004100,태양금속
227840,현대코퍼레이션홀딩스
016740,두올
012320,경동인베스트
034590,인천도시가스
083420,그린케미칼
002460,HS화성
079430,현대리바트
017550,수산세보틱스
016710,대성홀딩스
023450,동남합성
011810,STX
013570,디와이
009580,무림P&P
014580,태경비케이
008040,사조동아원
084670,동양고속
011280,태림포장
001210,금호전기
012200,계양전기
004250,NPC
078935,GS우
021820,세원정공
012800,대창
010100,한국무브넥스
120030,조선선재
035000,HS애드
006660,삼성공조
003010,혜인
027970,한국제지
123690,한국화장품
267850,아시아나IDT
025620,차AI헬스케어
119650,KC코트렐
248170,샘표식품
002450,삼익악기
067830,세이브존I&C
417310,코람코더원리츠
002780,진흥기업
264900,크라운제과
008700,아남전자
007210,벽산
007540,샘표
096775,SK이노베이션우
032560,황금에스티
014440,영보화학
014790,HL D&I
013700,까뮤이앤씨
002200,한국수출포장
37550L,DL이앤씨2우(전환)
006840,AK홀딩스
070960,모나용평
001275,부국증권우
058850,KTcs
008260,NI스틸
058860,KTis
036580,팜스코
363280,티와이홀딩스
002720,국제약품
001290,상상인증권
019180,티에이치엔
023000,삼원강재
139990,아주스틸
004140,동방
004890,동일산업
006090,사조오양
002600,조흥
000590,CS홀딩스
007980,TP
055490,테이팩스
000850,화천기공
33626K,두산퓨얼셀1우
002220,한일철강
011700,한신기계
023800,인지컨트롤스
001260,남광토건
009180,한솔로지스틱스
111380,동인기연
069730,DSR제강
004840,DRB동일
063160,종근당바이오
005740,크라운해태홀딩스
163560,동일고무벨트
007590,동방아그로
480370,씨케이솔루션
000105,유한양행우
010960,삼호개발
007610,선도전기
109070,주성코퍼레이션
013870,지엠비코리아
013360,일성건설
002700,신일전자
024900,디와이덕양
214330,금호에이치티
014160,대영포장
002795,아모레퍼시픽홀딩스우
000230,일동홀딩스
005750,대림바스
338100,NH프라임리츠
031820,아이티센씨티에스
120115,코오롱인더우
001560,제일연마
007280,한국특강
010040,한국내화
071090,하이스틸
017370,우신시스템
009770,삼정펄프
095720,웅진씽크빅
155660,DSR
001020,페이퍼코리아
004440,삼일씨엔에스
000180,성창기업지주
011150,CJ씨푸드
010660,화천기계
079980,휴비스
006980,우성
085310,엔케이
019680,대교
007815,코리아써우
100220,비상교육
004720,팜젠사이언스
016090,대현
004770,써니전자
009200,무림페이퍼
058730,다스코
068290,삼성출판사
018500,동원모빌리티
084680,이월드
000220,유유제약
005870,휴니드
35320K,대덕전자1우
002760,보락
072130,유엔젤
372910,한컴라이프케어
004450,삼화왕관
111110,호전실업
014990,인디에프
001465,BYC우
0220WL,한화머시너리앤서비스홀딩스3우B
006890,태경케미컬
129260,인터지스
075180,새론오토모티브
003465,유화증권우
003925,남양유업우
020760,일진디스플
210980,SK디앤디
003780,진양산업
000725,현대건설우
005320,온타이드
090080,평화산업
025530,SJM홀딩스
092440,기신정기
006125,SK디스커버리우
004830,덕성
023810,인팩
37550K,DL이앤씨우
28513K,SK케미칼우
007460,에이프로젠
002410,범양건영
378850,화승알앤에이
003475,유안타증권우
396690,미래에셋글로벌리츠
001550,조비
010770,평화홀딩스
021050,서원
012690,모나리자
101140,인바이오젠
005305,롯데칠성우
123700,SJM
000950,전방
006880,신송홀딩스
001620,케이비아이동국실업
011390,부산산업
002630,오리엔트바이오
011230,삼화전자
011300,우성머티리얼스
011000,진원생명과학
004410,서울식품
009320,아진전자부품
009835,한화솔루션우
002140,고려산업
002920,유성기업
004540,깨끗한나라
069460,대호에이엘
084870,TBH글로벌
041650,상신브레이크
357250,미래에셋맵스리츠
000910,유니온
003080,SB성보
074610,이엔플러스
004910,조광페인트
004060,SG세계물산
011330,유니켐
092780,DYP
017180,명문제약
014910,성문전자
481850,신한글로벌액티브리츠
446070,유니드비티플러스
008420,문배철강
002870,신풍
019490,엑시큐어하이트론
026940,부국철강
007110,일신석재
017040,광명전기
049800,우진플라임
023350,한국종합기술
000215,DL우
009810,MDS스피어
002360,SH에너지화학
008870,금비
145270,케이탑리츠
004920,씨아이테크
012280,영화금속
023960,에쓰씨엔지니어링
011420,갤럭시아에스엠
000890,보해양조
134790,시디즈
133820,화인베스틸
008250,이건산업
027740,마니커
047400,유니온머티리얼
009140,케이아이이
051630,진양화학
000760,이화산업
010640,진양폴리
002880,디와이에이
013000,세우글로벌
009460,한창제지
012160,영흥
014130,한익스프레스
143210,핸즈코퍼레이션
004365,세방우
005820,원림
006370,대구백화점
090370,메타랩스
003535,한화투자증권우
024070,WISCOM
025750,한솔홈데코
010400,우진아이엔에스
001070,대한방직
069640,한세엠케이
025890,한국주강
088790,진도
308170,씨티알모빌리티
036420,콘텐트리중앙
019175,신풍제약우
023150,MH에탄올
006570,대림통상
003680,한성기업
009190,대양금속
007120,미래아이앤지
002690,동일제강
004270,남성
118000,메타케어
33637K,솔루스첨단소재1우
033250,체시스
006345,대원전선우
002355,넥센타이어1우B
003060,에이프로젠바이오로직스
006490,프리티
003495,대한항공우
357430,마스턴프리미어리츠
009310,참엔지니어링
001380,SG글로벌
004870,티웨이홀딩스
33626L,두산퓨얼셀2우B
071950,코아스
012170,아센디오
030720,동원수산
006740,블루산업개발
008775,호텔신라우
005360,모나미
001420,태원물산
001685,대상우
015020,이스타코
000040,KR모터스
00499K,롯데지주우
011090,에넥스
108675,LX하우시스우
002070,비비안
093240,형지엘리트
008600,윌비스
009440,KC그린홀딩스
005725,넥센우
465770,STX그린로지스
18064K,한진칼우
004105,태양금속우
005257,녹십자홀딩스2우
006200,한국전자홀딩스
002025,코오롱우
0106J0,대신 KOSPI200인덱스 X클래스
000087,하이트진로2우B
002820,SUN&L
001795,대한제당우
00806K,대덕1우
024890,대원화성
45226K,한화갤러리아우
084695,대상홀딩스우
00781K,코리아써키트2우B
145995,삼양사우
015260,에이엔피
38380K,LX홀딩스1우
0120X0,유진 챔피언중단기크레딧 X클래스
001067,JW중외제약2우B
019685,대교우B
004255,NPC우
145210,다이나믹디자인
001755,한양증권우
003075,코오롱글로벌우
33637L,솔루스첨단소재2우B
000225,유유제약1우
001515,SK증권우
001065,JW중외제약우
004835,덕성우
000325,노루홀딩스우
004985,성신양회우
044380,주연테크
26490K,크라운제과우
012205,계양전기우
090355,노루페인트우
001770,SHD
002995,금호건설우
000545,흥국화재우
000145,하이트진로홀딩스우
009415,태영건설우
005965,동부건설우
014825,동원시스템즈우
007575,일양약품우
014285,금강공업우
36328K,티와이홀딩스우
005745,크라운해태홀딩스우
014915,성문전자우
000227,유유제약2우B
008355,남선알미우
001525,동양우
005030,부산주공
004545,깨끗한나라우
005110,한창
011155,CJ씨푸드1우
001527,동양2우B
004415,서울식품우
002785,진흥기업우B
002787,진흥기업2우B
