code,entry,exit,days,ret,why,name
018880,2016-02-18,2016-04-27,47,0.07763990689703704,rsi,한온시스템
004990,2016-05-27,2016-06-03,5,-0.0910694053089498,stop,롯데지주
185750,2016-05-03,2016-07-29,60,-0.008962744681377144,time,종근당
068270,2016-05-19,2016-08-11,59,0.2546009327571628,rsi,셀트리온
071320,2016-06-16,2016-09-09,60,-0.027097463870747185,time,지역난방공사
069260,2016-08-05,2016-10-13,44,0.20022811604492663,rsi,TKG휴켐스
064350,2016-10-20,2016-11-03,10,-0.1233467382075829,stop,현대로템
002840,2016-08-24,2016-11-22,60,0.01650648688268941,time,미원상사
039490,2016-10-13,2016-11-22,28,-0.08677949352327663,stop,키움증권
066970,2016-11-14,2016-11-25,9,-0.12607303556520744,stop,엘앤에프
012450,2016-11-02,2016-12-02,22,-0.08776312507796091,stop,한화에어로스페이스
093370,2016-09-13,2016-12-12,60,0.2223557063850885,time,후성
086790,2017-01-03,2017-02-03,21,0.15037755125295238,rsi,하나금융지주
035420,2016-11-15,2017-02-10,60,0.06110074397636733,time,NAVER
009240,2017-06-15,2017-06-27,8,-0.10386555461219604,stop,한샘
000080,2017-07-11,2017-08-17,26,0.17798501974445635,rsi,하이트진로
066570,2017-07-11,2017-08-31,36,0.154906009561655,rsi,LG전자
128940,2017-08-04,2017-08-31,18,0.18782174125531426,rsi,한미약품
004170,2017-08-14,2017-09-05,15,-0.08747434308039592,stop,신세계
005930,2017-08-14,2017-09-19,25,0.1585662525329914,rsi,삼성전자
016360,2017-08-14,2017-09-29,33,-0.08037439250491951,stop,삼성증권
022100,2017-07-18,2017-10-19,60,-0.019112098467714445,time,포스코DX
088350,2017-09-05,2017-10-23,28,0.11980729407558122,rsi,한화생명
105560,2017-09-06,2017-12-07,60,0.18461338630535362,time,KB금융
006800,2017-09-06,2017-12-07,60,0.10405358156688815,time,미래에셋증권
071050,2017-09-06,2017-12-07,60,0.1299940923201477,time,한국금융지주
024110,2017-09-06,2017-12-07,60,0.11390012995846144,time,기업은행
086790,2017-09-06,2017-12-07,60,0.06650562913597446,time,하나금융지주
002380,2017-09-07,2017-12-08,60,0.024491997528263143,time,KCC
001430,2017-09-25,2017-12-27,60,-0.056019992592933665,time,세아베스틸지주
003240,2017-09-29,2018-01-04,60,0.24164864783379292,time,태광산업
204320,2018-01-12,2018-02-08,19,-0.16483444401257386,stop,HL만도
001450,2017-11-15,2018-02-12,60,-0.023037741890942987,time,현대해상
035720,2017-12-27,2018-02-12,31,-0.08862832691624722,stop,카카오
008730,2018-02-06,2018-03-26,31,-0.09665030142871944,stop,율촌화학
010120,2018-02-06,2018-04-23,51,0.219301837974049,rsi,LS ELECTRIC
051910,2018-02-12,2018-05-03,54,-0.09187397956490762,stop,LG화학
066970,2018-02-06,2018-05-08,60,0.1375114802318267,time,엘앤에프
207940,2018-05-03,2018-05-08,2,-0.11465555260603955,stop,삼성바이오로직스
052690,2018-06-20,2018-07-03,9,-0.09912410252019699,stop,한전기술
082740,2018-06-20,2018-07-20,22,-0.1358210283898611,stop,한화엔진
004170,2018-07-10,2018-07-20,8,-0.09494879396157108,stop,신세계
068270,2018-04-24,2018-07-24,60,0.0651316670314146,time,셀트리온
005420,2018-05-02,2018-07-31,60,-0.013802298866716911,time,코스모화학
268280,2018-07-03,2018-08-16,31,0.13071577854958338,rsi,미원에스씨
082740,2018-07-23,2018-09-17,39,0.15292150868606358,rsi,한화엔진
011790,2018-10-02,2018-10-12,6,-0.0881626810171886,stop,SKC
000720,2018-10-12,2018-10-26,10,-0.08726415516712294,stop,현대건설
268280,2018-10-30,2019-01-25,60,0.03712626479548509,time,미원에스씨
111770,2018-10-30,2019-01-25,60,0.06489289582840763,time,영원무역
000120,2019-03-28,2019-05-14,31,-0.09868910691542643,stop,CJ대한통운
003090,2019-05-14,2019-07-05,37,-0.10578564678168323,stop,대웅
180640,2019-06-25,2019-07-09,10,-0.10450178780025976,stop,한진칼
066570,2019-07-09,2019-08-01,17,-0.10734704041401344,stop,LG전자
005850,2019-07-16,2019-10-15,60,0.0071656315311054986,time,에스엘
071050,2019-08-06,2019-11-05,60,0.045858965892926706,time,한국금융지주
014820,2019-10-14,2019-11-06,17,-0.10386555461219604,stop,동원시스템즈
016360,2019-08-08,2019-11-07,60,-0.019941852583814423,time,삼성증권
012450,2019-11-04,2020-01-09,45,-0.09946616066223901,stop,한화에어로스페이스
028050,2020-01-31,2020-02-19,13,-0.08679632708099971,stop,삼성E&A
014680,2020-02-26,2020-03-13,12,-0.17408895559580162,stop,한솔케미칼
000660,2020-03-02,2020-03-13,9,-0.14922544629231926,stop,SK하이닉스
000990,2020-03-16,2020-03-17,1,-0.15530244484245959,stop,DB하이텍
006400,2020-03-17,2020-03-19,2,-0.06601048553580924,stop,삼성SDI
002840,2020-02-28,2020-03-20,15,-0.07438981272619505,stop,미원상사
207940,2020-03-18,2020-03-20,2,-0.10257790169261538,stop,삼성바이오로직스
036570,2020-03-19,2020-03-20,1,-0.040346446414209924,stop,NC
035720,2020-03-17,2020-04-24,27,0.3029309297841052,rsi,카카오
003230,2020-08-19,2020-09-23,25,-0.08951305098236118,stop,삼양식품
180640,2020-08-21,2020-09-25,25,-0.10056851838928282,stop,한진칼
068270,2020-09-23,2020-10-21,16,-0.09683862713111768,stop,셀트리온
003090,2020-10-20,2020-10-23,3,-0.0886768351988434,stop,대웅
004370,2020-09-23,2020-10-26,19,-0.09397035024628508,stop,농심
207940,2020-09-24,2020-10-27,19,-0.09087788153124865,stop,삼성바이오로직스
251270,2020-10-16,2020-10-27,7,-0.12143681824725083,stop,넷마블
096770,2020-11-02,2020-11-27,19,0.37009511293765196,rsi,SK이노베이션
003670,2020-10-27,2020-11-30,24,0.2919401515398832,rsi,포스코퓨처엠
003090,2020-10-27,2020-12-02,26,0.312822548056372,rsi,대웅
039490,2020-09-25,2020-12-07,47,0.5197601705407204,rsi,키움증권
000990,2020-10-27,2020-12-24,42,0.2940920872592607,rsi,DB하이텍
097950,2020-10-28,2021-01-06,47,0.14382633525165067,rsi,CJ제일제당
035720,2020-10-27,2021-01-11,51,0.3531723684807855,rsi,카카오
000240,2020-12-23,2021-01-22,19,0.14889031459974866,rsi,한국앤컴퍼니
034020,2021-02-01,2021-02-25,16,-0.09517253644658752,stop,두산에너빌리티
105560,2021-02-01,2021-03-09,23,0.2744041023599679,rsi,KB금융
139130,2021-02-01,2021-03-09,23,0.2493278955616136,rsi,iM금융지주
175330,2021-02-01,2021-03-09,23,0.1956148113067655,rsi,JB금융지주
008930,2021-02-24,2021-03-09,8,-0.09609867484930701,stop,한미사이언스
093370,2021-02-25,2021-03-09,7,-0.09962124644361092,stop,후성
001440,2021-02-24,2021-03-11,10,-0.10283719064127206,stop,대한전선
096770,2021-03-11,2021-03-23,8,-0.09441443541556904,stop,SK이노베이션
009540,2021-02-01,2021-03-29,37,0.4216749668362667,rsi,HD한국조선해양
011790,2021-03-24,2021-04-06,9,0.2646857478320128,rsi,SKC
071320,2021-02-02,2021-04-15,49,0.04155977205161454,rsi,지역난방공사
000150,2021-02-25,2021-04-20,37,0.10400230864389814,rsi,두산
005420,2021-03-09,2021-04-26,34,0.2492166574229111,rsi,코스모화학
069260,2021-02-01,2021-04-29,60,0.04537193154238417,time,TKG휴켐스
112610,2021-03-09,2021-06-03,60,0.36651919258370125,time,씨에스윈드
022100,2021-05-06,2021-06-04,20,0.18248941567125665,rsi,포스코DX
011210,2021-04-30,2021-06-10,27,0.30130314115712165,rsi,현대위아
204320,2021-05-03,2021-06-10,26,0.14446900495669368,rsi,HL만도
307950,2021-04-30,2021-06-21,34,0.26377934605972375,rsi,현대오토에버
035420,2021-05-13,2021-06-21,26,0.17419426918303227,rsi,NAVER
002790,2021-06-24,2021-07-09,11,-0.10240128264260795,stop,아모레퍼시픽홀딩스
090430,2021-06-28,2021-07-26,20,-0.08238956572490674,stop,아모레퍼시픽
139480,2021-05-07,2021-08-02,60,0.048110462441876,time,이마트
000660,2021-05-13,2021-08-06,60,0.021455929129776452,time,SK하이닉스
082740,2021-07-29,2021-08-18,13,-0.12250109829782962,stop,한화엔진
003550,2021-06-01,2021-08-24,59,-0.11175232640878818,stop,LG
003240,2021-07-12,2021-09-16,47,0.1279757061666904,rsi,태광산업
001800,2021-07-12,2021-09-16,47,0.08282912151026323,rsi,오리온홀딩스
011200,2021-08-04,2021-10-01,38,-0.12539431005694812,stop,HMM
004990,2021-08-17,2021-10-06,32,-0.09154041697666582,stop,롯데지주
105560,2021-07-12,2021-10-12,60,0.04404013054889777,time,KB금융
111770,2021-07-12,2021-10-12,60,0.13300089989679575,time,영원무역
001040,2021-07-12,2021-10-12,60,-0.02239878684966823,time,CJ
032830,2021-07-12,2021-10-12,60,-0.07242224073893955,time,삼성생명
001430,2021-08-24,2021-10-21,37,-0.10065360319503536,stop,세아베스틸지주
298020,2021-10-01,2021-11-04,22,-0.10811263729175902,stop,효성티앤씨
001440,2021-10-07,2021-11-12,25,-0.10734203408332188,stop,대한전선
000720,2021-08-18,2021-11-17,60,0.028485348844713432,time,현대건설
073240,2021-10-05,2021-11-18,31,-0.1335452210726894,stop,금호타이어
042700,2021-10-06,2021-11-23,33,0.2811515492428227,rsi,한미반도체
030200,2021-10-13,2022-01-06,60,0.007168647502740155,time,KT
034020,2021-11-30,2022-01-26,40,-0.11502041358514581,stop,두산에너빌리티
036460,2021-11-22,2022-01-28,48,-0.10938265322056417,stop,한국가스공사
268280,2022-01-26,2022-04-06,45,0.03844984833098519,rsi,미원에스씨
007340,2022-02-16,2022-04-06,33,0.3162094748006006,rsi,DN오토모티브
002030,2022-05-13,2022-05-25,8,-0.08669822807219973,stop,아세아
028670,2022-06-16,2022-06-24,6,-0.11808991088819276,stop,팬오션
079550,2022-06-24,2022-08-01,26,0.30311384377844997,rsi,LIG디펜스앤에어로스페이스
373220,2022-12-14,2022-12-29,11,-0.11953400797205038,stop,LG에너지솔루션
033780,2023-01-03,2023-03-31,60,-0.056877231633060354,time,KT&G
071970,2023-03-09,2023-05-17,47,-0.0939982083666846,stop,HD현대마린엔진
010060,2023-05-31,2023-06-26,17,0.3740235239375709,rsi,OCI홀딩스
271560,2023-05-23,2023-07-26,44,-0.0943155544080283,stop,오리온
002030,2023-06-12,2023-07-28,34,0.1585471736321673,rsi,아세아
039490,2023-05-03,2023-07-31,60,0.0807041414568368,time,키움증권
112610,2023-07-31,2023-08-11,9,-0.08427136102718824,stop,씨에스윈드
066570,2023-07-31,2023-08-11,9,-0.08137033051055198,stop,LG전자
128940,2023-07-10,2023-10-10,60,0.11025614598463274,time,한미약품
003670,2023-10-05,2023-10-11,3,-0.06090327111114502,stop,포스코퓨처엠
329180,2023-08-21,2023-10-20,39,-0.09533562761967063,stop,HD현대중공업
009540,2023-10-05,2023-10-23,11,-0.09498367956662024,stop,HD한국조선해양
069960,2023-10-06,2023-10-23,10,-0.09920627673322979,stop,현대백화점
028050,2023-09-26,2023-10-27,18,-0.1010302139139655,stop,삼성E&A
241560,2023-10-05,2023-10-27,15,-0.09725506538849604,stop,두산밥캣
010140,2023-10-05,2023-11-01,18,-0.08660666899731984,stop,삼성중공업
073240,2023-10-23,2023-11-15,17,0.19876024635551182,rsi,금호타이어
138040,2023-10-24,2023-11-16,17,0.191968761208408,rsi,메리츠금융지주
071970,2023-10-06,2023-11-30,38,0.33955355166080947,rsi,HD현대마린엔진
002030,2023-11-22,2023-12-20,20,0.07748384029212807,rsi,아세아
047050,2023-10-27,2024-01-23,59,-0.101619603621249,stop,포스코인터내셔널
079550,2024-02-01,2024-02-22,13,0.2920343518828947,rsi,LIG디펜스앤에어로스페이스
022100,2024-03-29,2024-04-08,6,-0.09966123921445014,stop,포스코DX
003230,2024-02-02,2024-04-12,46,0.33103414148886556,rsi,삼양식품
009420,2024-02-02,2024-05-03,60,0.22456336448076142,time,한올바이오파마
002380,2024-04-15,2024-05-14,19,0.28728881525941485,rsi,KCC
180640,2024-03-06,2024-06-04,60,0.09355870059776095,time,한진칼
032830,2024-04-18,2024-07-17,60,0.18542365537943395,time,삼성생명
007660,2024-07-26,2024-08-05,6,-0.1475397412026629,stop,이수페타시스
000660,2024-07-26,2024-08-05,6,-0.12327866978132374,stop,SK하이닉스
042700,2024-07-26,2024-08-05,6,-0.17452611883953195,stop,한미반도체
090430,2024-07-04,2024-08-08,25,-0.18394621817400014,stop,아모레퍼시픽
011790,2024-08-06,2024-09-30,35,0.2668772575036291,rsi,SKC
001040,2024-07-05,2024-10-07,60,0.08168503157302265,time,CJ
000270,2024-08-05,2024-10-18,47,-0.09916973728527878,stop,기아
103140,2024-08-06,2024-11-07,60,0.3442516031338285,time,풍산
002840,2024-08-06,2024-11-07,60,0.06606524552439219,time,미원상사
010120,2024-09-06,2024-12-09,60,0.06008556728461767,time,LS ELECTRIC
002030,2024-11-21,2025-02-24,60,0.05934793544125272,time,아세아
000670,2025-04-04,2025-04-08,2,-0.09757438256923645,stop,영풍
021240,2025-04-10,2025-05-13,20,0.27579071690621904,rsi,코웨이
000150,2025-04-08,2025-05-15,24,0.5663658729220291,rsi,두산
111770,2025-04-09,2025-05-21,27,0.3513138462197045,rsi,영원무역
024110,2025-03-31,2025-06-10,46,0.1766166550630437,rsi,기업은행
035420,2025-04-01,2025-06-17,50,0.10171945269203464,rsi,NAVER
267270,2025-04-07,2025-07-03,58,0.4365384081810193,rsi,HD건설기계
138040,2025-04-10,2025-07-10,60,0.023852075413627993,time,메리츠금융지주
383220,2025-07-29,2025-08-11,9,-0.08395145582580033,stop,F&F
047040,2025-08-04,2025-08-25,14,0.1926724921183749,rsi,대우건설
139480,2025-08-13,2025-08-27,9,-0.08088774832020085,stop,이마트
271560,2025-06-19,2025-09-12,60,0.0678982352968287,time,오리온
000210,2025-08-12,2025-09-25,31,-0.08747739351615946,stop,DL
000720,2025-08-21,2025-09-29,27,-0.08381891606682257,stop,현대건설
069620,2025-08-06,2025-11-06,60,0.025921418692203435,time,대웅제약
005300,2025-09-29,2025-11-07,24,0.07860912740048542,rsi,롯데칠성
078930,2025-08-19,2025-11-11,55,0.2734185618511502,rsi,GS
120110,2025-08-12,2025-11-12,60,-0.007053246107696309,time,코오롱인더
192820,2025-08-18,2025-11-12,57,-0.1817629757324819,stop,코스맥스
034230,2025-11-06,2025-11-12,4,-0.15570231204515272,stop,파라다이스
026960,2025-08-18,2025-11-17,60,0.0104016911916609,time,동서
377300,2025-09-04,2025-12-04,60,-0.05961200175353898,time,카카오페이
001430,2025-10-13,2025-12-09,41,0.2889316057720066,rsi,세아베스틸지주
207940,2025-11-26,2026-01-09,29,0.13838221438233345,rsi,삼성바이오로직스
017960,2025-11-18,2026-01-13,37,0.3971703411414351,rsi,한국카본
007070,2026-01-05,2026-02-04,22,0.17733681556760517,rsi,GS리테일
004020,2025-11-10,2026-02-05,60,0.0021705558088720434,time,현대제철
011070,2026-02-03,2026-02-27,15,0.3588923966946209,rsi,LG이노텍
326030,2026-01-22,2026-03-05,26,-0.08807041052657982,stop,SK바이오팜
015760,2026-03-05,2026-03-10,3,-0.046031195861286456,stop,한국전력
030000,2025-12-30,2026-03-31,59,-0.09348379695104181,stop,제일기획
010140,2026-03-05,2026-03-31,18,-0.09095826836175436,stop,삼성중공업
204320,2026-03-05,2026-04-03,21,-0.07446855164180244,stop,HL만도
081660,2026-03-24,2026-05-07,30,-0.08521807695002326,stop,미스토홀딩스
017960,2026-05-18,2026-05-28,7,-0.08400372380161758,stop,한국카본
010130,2026-05-21,2026-06-09,11,-0.1458016101616375,stop,고려아연
000670,2026-05-21,2026-06-09,11,-0.15776837839492097,stop,영풍
006800,2026-06-09,2026-06-23,10,-0.10756778432786629,stop,미래에셋증권
267270,2026-06-09,2026-06-24,11,-0.10497600621738512,stop,HD건설기계
457190,2026-06-09,2026-06-24,11,-0.0994261058381587,stop,이수스페셜티케미컬
272210,2026-06-09,2026-06-26,13,-0.10317568975816382,stop,한화시스템
456040,2026-06-29,2026-07-28,20,-0.13828498461337346,stop,OCI
023530,2026-07-21,2026-07-31,8,-0.08331926221353358,stop,롯데쇼핑
047810,2026-06-08,2026-09-02,60,-0.009047828886994735,time,한국항공우주
004170,2026-07-31,2026-09-03,23,-0.08804594342674155,stop,신세계
