,A 기본(5종목·10일),A 기본(5종목·10일) +지수 파킹,B 10종목,B 10종목 +지수 파킹,C 길게 보유(5종목·60일),C 길게 보유(5종목·60일) +지수 파킹,D 10종목·길게 보유,D 10종목·길게 보유 +지수 파킹,코스피200 지수
2015,0.0000,-0.0377,0.0000,-0.0377,0.0000,-0.0377,0.0000,-0.0377,-0.0377
2016,0.0279,0.0896,0.0141,0.0859,0.0417,0.0720,0.0242,0.0754,0.0817
2017,0.1135,0.2443,0.0762,0.2455,0.2581,0.4901,0.1690,0.3732,0.2490
2018,-0.0534,-0.2132,-0.0264,-0.2029,-0.0586,-0.1638,-0.0336,-0.1813,-0.1933
2019,0.0003,0.1057,0.0003,0.1136,-0.1200,-0.0922,-0.0616,0.0099,0.1213
2020,-0.0227,0.2835,-0.0030,0.3110,-0.0154,0.1622,0.0642,0.2817,0.3252
2021,0.2162,0.1675,0.1690,0.1240,0.4754,0.5011,0.2982,0.3629,0.0126
2022,-0.0144,-0.2573,-0.0069,-0.2592,0.0003,-0.2197,0.0014,-0.2401,-0.2615
2023,0.0682,0.2505,0.0372,0.2437,0.1121,0.2849,0.0639,0.2608,0.2298
2024,0.1531,0.0173,0.0767,-0.0485,0.1670,0.1508,0.1160,0.0428,-0.1122
2025,-0.0082,0.7006,0.0241,0.8513,0.3892,0.5974,0.2164,0.5669,0.9067
2026,0.0500,0.6173,0.0269,0.6725,-0.1371,0.2077,-0.0652,0.4483,0.7237
